/Users/bdhammel/Documents/insight/harvesting/datasets/obj_detection/harvesting/images/sparseresidential69.png,113,52,182,188,building
/Users/bdhammel/Documents/insight/harvesting/datasets/obj_detection/harvesting/images/sparseresidential69.png,79,79,94,101,vehicle
/Users/bdhammel/Documents/insight/harvesting/datasets/obj_detection/harvesting/images/sparseresidential41.png,66,46,121,198,building
/Users/bdhammel/Documents/insight/harvesting/datasets/obj_detection/harvesting/images/sparseresidential55.png,68,96,147,188,building
/Users/bdhammel/Documents/insight/harvesting/datasets/obj_detection/harvesting/images/sparseresidential82.png,74,92,168,188,building
/Users/bdhammel/Documents/insight/harvesting/datasets/obj_detection/harvesting/images/sparseresidential82.png,137,52,157,73,vehicle
/Users/bdhammel/Documents/insight/harvesting/datasets/obj_detection/harvesting/images/sparseresidential96.png,174,45,228,101,building
/Users/bdhammel/Documents/insight/harvesting/datasets/obj_detection/harvesting/images/sparseresidential96.png,22,98,207,224,building
/Users/bdhammel/Documents/insight/harvesting/datasets/obj_detection/harvesting/images/sparseresidential97.png,224,144,238,167,vehicle
/Users/bdhammel/Documents/insight/harvesting/datasets/obj_detection/harvesting/images/sparseresidential97.png,125,123,181,181,building
/Users/bdhammel/Documents/insight/harvesting/datasets/obj_detection/harvesting/images/sparseresidential83.png,43,101,143,157,building
/Users/bdhammel/Documents/insight/harvesting/datasets/obj_detection/harvesting/images/sparseresidential54.png,139,119,234,207,building
/Users/bdhammel/Documents/insight/harvesting/datasets/obj_detection/harvesting/images/sparseresidential40.png,186,24,232,93,building
/Users/bdhammel/Documents/insight/harvesting/datasets/obj_detection/harvesting/images/sparseresidential40.png,157,150,201,218,building
/Users/bdhammel/Documents/insight/harvesting/datasets/obj_detection/harvesting/images/sparseresidential68.png,110,74,220,231,building
/Users/bdhammel/Documents/insight/harvesting/datasets/obj_detection/harvesting/images/sparseresidential68.png,97,24,149,80,waterbody
/Users/bdhammel/Documents/insight/harvesting/datasets/obj_detection/harvesting/images/sparseresidential56.png,28,44,111,139,building
/Users/bdhammel/Documents/insight/harvesting/datasets/obj_detection/harvesting/images/sparseresidential42.png,127,92,203,171,building
/Users/bdhammel/Documents/insight/harvesting/datasets/obj_detection/harvesting/images/sparseresidential42.png,70,236,90,248,vehicle
/Users/bdhammel/Documents/insight/harvesting/datasets/obj_detection/harvesting/images/sparseresidential42.png,77,229,100,241,vehicle
/Users/bdhammel/Documents/insight/harvesting/datasets/obj_detection/harvesting/images/sparseresidential42.png,109,196,128,205,vehicle
/Users/bdhammel/Documents/insight/harvesting/datasets/obj_detection/harvesting/images/sparseresidential95.png,51,90,191,208,building
/Users/bdhammel/Documents/insight/harvesting/datasets/obj_detection/harvesting/images/sparseresidential81.png,57,88,155,212,building
/Users/bdhammel/Documents/insight/harvesting/datasets/obj_detection/harvesting/images/sparseresidential80.png,96,176,142,220,building
/Users/bdhammel/Documents/insight/harvesting/datasets/obj_detection/harvesting/images/sparseresidential80.png,197,138,231,169,building
/Users/bdhammel/Documents/insight/harvesting/datasets/obj_detection/harvesting/images/sparseresidential80.png,69,125,126,161,building
/Users/bdhammel/Documents/insight/harvesting/datasets/obj_detection/harvesting/images/sparseresidential80.png,111,95,166,129,building
/Users/bdhammel/Documents/insight/harvesting/datasets/obj_detection/harvesting/images/sparseresidential80.png,164,167,176,184,vehicle
/Users/bdhammel/Documents/insight/harvesting/datasets/obj_detection/harvesting/images/sparseresidential94.png,100,54,200,166,building
/Users/bdhammel/Documents/insight/harvesting/datasets/obj_detection/harvesting/images/sparseresidential94.png,57,185,102,211,building
/Users/bdhammel/Documents/insight/harvesting/datasets/obj_detection/harvesting/images/sparseresidential43.png,108,2,131,12,vehicle
/Users/bdhammel/Documents/insight/harvesting/datasets/obj_detection/harvesting/images/sparseresidential43.png,73,47,86,65,vehicle
/Users/bdhammel/Documents/insight/harvesting/datasets/obj_detection/harvesting/images/sparseresidential43.png,152,83,218,165,building
/Users/bdhammel/Documents/insight/harvesting/datasets/obj_detection/harvesting/images/sparseresidential43.png,30,74,121,128,building
/Users/bdhammel/Documents/insight/harvesting/datasets/obj_detection/harvesting/images/sparseresidential57.png,173,201,253,255,building
/Users/bdhammel/Documents/insight/harvesting/datasets/obj_detection/harvesting/images/sparseresidential57.png,74,127,164,213,building
/Users/bdhammel/Documents/insight/harvesting/datasets/obj_detection/harvesting/images/sparseresidential53.png,54,33,130,112,building
/Users/bdhammel/Documents/insight/harvesting/datasets/obj_detection/harvesting/images/sparseresidential47.png,47,39,99,132,building
/Users/bdhammel/Documents/insight/harvesting/datasets/obj_detection/harvesting/images/sparseresidential47.png,17,188,67,254,building
/Users/bdhammel/Documents/insight/harvesting/datasets/obj_detection/harvesting/images/sparseresidential47.png,184,134,251,166,building
/Users/bdhammel/Documents/insight/harvesting/datasets/obj_detection/harvesting/images/sparseresidential47.png,99,140,121,151,vehicle
/Users/bdhammel/Documents/insight/harvesting/datasets/obj_detection/harvesting/images/sparseresidential90.png,83,99,157,141,building
/Users/bdhammel/Documents/insight/harvesting/datasets/obj_detection/harvesting/images/sparseresidential90.png,138,76,178,96,waterbody
/Users/bdhammel/Documents/insight/harvesting/datasets/obj_detection/harvesting/images/sparseresidential90.png,158,117,179,128,vehicle
/Users/bdhammel/Documents/insight/harvesting/datasets/obj_detection/harvesting/images/sparseresidential84.png,78,177,93,191,vehicle
/Users/bdhammel/Documents/insight/harvesting/datasets/obj_detection/harvesting/images/sparseresidential84.png,66,171,81,185,vehicle
/Users/bdhammel/Documents/insight/harvesting/datasets/obj_detection/harvesting/images/sparseresidential84.png,147,39,186,70,building
/Users/bdhammel/Documents/insight/harvesting/datasets/obj_detection/harvesting/images/sparseresidential84.png,98,54,139,93,building
/Users/bdhammel/Documents/insight/harvesting/datasets/obj_detection/harvesting/images/sparseresidential84.png,94,107,160,179,building
/Users/bdhammel/Documents/insight/harvesting/datasets/obj_detection/harvesting/images/sparseresidential85.png,85,64,168,170,building
/Users/bdhammel/Documents/insight/harvesting/datasets/obj_detection/harvesting/images/sparseresidential85.png,121,175,142,183,vehicle
/Users/bdhammel/Documents/insight/harvesting/datasets/obj_detection/harvesting/images/sparseresidential91.png,116,92,191,164,building
/Users/bdhammel/Documents/insight/harvesting/datasets/obj_detection/harvesting/images/sparseresidential46.png,212,114,249,195,building
/Users/bdhammel/Documents/insight/harvesting/datasets/obj_detection/harvesting/images/sparseresidential46.png,135,19,222,101,building
/Users/bdhammel/Documents/insight/harvesting/datasets/obj_detection/harvesting/images/sparseresidential52.png,55,112,134,194,building
/Users/bdhammel/Documents/insight/harvesting/datasets/obj_detection/harvesting/images/sparseresidential44.png,91,157,100,173,vehicle
/Users/bdhammel/Documents/insight/harvesting/datasets/obj_detection/harvesting/images/sparseresidential44.png,15,55,34,65,vehicle
/Users/bdhammel/Documents/insight/harvesting/datasets/obj_detection/harvesting/images/sparseresidential44.png,229,44,255,81,building
/Users/bdhammel/Documents/insight/harvesting/datasets/obj_detection/harvesting/images/sparseresidential44.png,76,65,117,105,building
/Users/bdhammel/Documents/insight/harvesting/datasets/obj_detection/harvesting/images/sparseresidential44.png,102,119,195,170,building
/Users/bdhammel/Documents/insight/harvesting/datasets/obj_detection/harvesting/images/sparseresidential44.png,123,76,170,99,waterbody
/Users/bdhammel/Documents/insight/harvesting/datasets/obj_detection/harvesting/images/sparseresidential50.png,60,75,116,152,building
/Users/bdhammel/Documents/insight/harvesting/datasets/obj_detection/harvesting/images/sparseresidential78.png,105,100,153,196,building
/Users/bdhammel/Documents/insight/harvesting/datasets/obj_detection/harvesting/images/sparseresidential87.png,99,54,136,98,building
/Users/bdhammel/Documents/insight/harvesting/datasets/obj_detection/harvesting/images/sparseresidential87.png,117,106,161,189,building
/Users/bdhammel/Documents/insight/harvesting/datasets/obj_detection/harvesting/images/sparseresidential87.png,218,6,238,18,vehicle
/Users/bdhammel/Documents/insight/harvesting/datasets/obj_detection/harvesting/images/sparseresidential87.png,177,63,192,76,vehicle
/Users/bdhammel/Documents/insight/harvesting/datasets/obj_detection/harvesting/images/sparseresidential93.png,75,82,157,166,building
/Users/bdhammel/Documents/insight/harvesting/datasets/obj_detection/harvesting/images/sparseresidential93.png,53,96,69,108,vehicle
/Users/bdhammel/Documents/insight/harvesting/datasets/obj_detection/harvesting/images/sparseresidential93.png,189,57,202,75,vehicle
/Users/bdhammel/Documents/insight/harvesting/datasets/obj_detection/harvesting/images/sparseresidential93.png,185,102,198,122,vehicle
/Users/bdhammel/Documents/insight/harvesting/datasets/obj_detection/harvesting/images/sparseresidential93.png,202,98,217,119,vehicle
/Users/bdhammel/Documents/insight/harvesting/datasets/obj_detection/harvesting/images/sparseresidential93.png,133,149,163,178,waterbody
/Users/bdhammel/Documents/insight/harvesting/datasets/obj_detection/harvesting/images/sparseresidential92.png,74,105,120,128,waterbody
/Users/bdhammel/Documents/insight/harvesting/datasets/obj_detection/harvesting/images/sparseresidential92.png,109,112,227,211,building
/Users/bdhammel/Documents/insight/harvesting/datasets/obj_detection/harvesting/images/sparseresidential92.png,96,203,119,214,vehicle
/Users/bdhammel/Documents/insight/harvesting/datasets/obj_detection/harvesting/images/sparseresidential92.png,90,184,115,193,vehicle
/Users/bdhammel/Documents/insight/harvesting/datasets/obj_detection/harvesting/images/sparseresidential86.png,79,83,160,154,building
/Users/bdhammel/Documents/insight/harvesting/datasets/obj_detection/harvesting/images/sparseresidential86.png,128,188,153,195,vehicle
/Users/bdhammel/Documents/insight/harvesting/datasets/obj_detection/harvesting/images/sparseresidential79.png,66,78,189,197,building
/Users/bdhammel/Documents/insight/harvesting/datasets/obj_detection/harvesting/images/sparseresidential51.png,87,97,171,159,building
/Users/bdhammel/Documents/insight/harvesting/datasets/obj_detection/harvesting/images/sparseresidential51.png,101,238,136,254,waterbody
/Users/bdhammel/Documents/insight/harvesting/datasets/obj_detection/harvesting/images/sparseresidential45.png,2,90,63,169,building
/Users/bdhammel/Documents/insight/harvesting/datasets/obj_detection/harvesting/images/sparseresidential45.png,117,106,196,168,building
/Users/bdhammel/Documents/insight/harvesting/datasets/obj_detection/harvesting/images/sparseresidential22.png,89,57,181,126,building
/Users/bdhammel/Documents/insight/harvesting/datasets/obj_detection/harvesting/images/sparseresidential22.png,107,137,146,161,waterbody
/Users/bdhammel/Documents/insight/harvesting/datasets/obj_detection/harvesting/images/sparseresidential36.png,29,130,131,188,building
/Users/bdhammel/Documents/insight/harvesting/datasets/obj_detection/harvesting/images/sparseresidential37.png,25,126,124,200,building
/Users/bdhammel/Documents/insight/harvesting/datasets/obj_detection/harvesting/images/sparseresidential37.png,96,194,112,209,vehicle
/Users/bdhammel/Documents/insight/harvesting/datasets/obj_detection/harvesting/images/sparseresidential23.png,65,108,156,168,building
/Users/bdhammel/Documents/insight/harvesting/datasets/obj_detection/harvesting/images/sparseresidential23.png,49,153,96,198,waterbody
/Users/bdhammel/Documents/insight/harvesting/datasets/obj_detection/harvesting/images/sparseresidential09.png,118,95,181,137,building
/Users/bdhammel/Documents/insight/harvesting/datasets/obj_detection/harvesting/images/sparseresidential09.png,78,150,85,164,vehicle
/Users/bdhammel/Documents/insight/harvesting/datasets/obj_detection/harvesting/images/sparseresidential35.png,174,112,249,191,building
/Users/bdhammel/Documents/insight/harvesting/datasets/obj_detection/harvesting/images/sparseresidential35.png,30,59,104,137,building
/Users/bdhammel/Documents/insight/harvesting/datasets/obj_detection/harvesting/images/sparseresidential21.png,22,204,39,217,vehicle
/Users/bdhammel/Documents/insight/harvesting/datasets/obj_detection/harvesting/images/sparseresidential21.png,160,110,176,125,vehicle
/Users/bdhammel/Documents/insight/harvesting/datasets/obj_detection/harvesting/images/sparseresidential21.png,158,101,177,113,vehicle
/Users/bdhammel/Documents/insight/harvesting/datasets/obj_detection/harvesting/images/sparseresidential21.png,166,89,180,103,vehicle
/Users/bdhammel/Documents/insight/harvesting/datasets/obj_detection/harvesting/images/sparseresidential21.png,80,99,186,192,building
/Users/bdhammel/Documents/insight/harvesting/datasets/obj_detection/harvesting/images/sparseresidential20.png,92,107,167,161,building
/Users/bdhammel/Documents/insight/harvesting/datasets/obj_detection/harvesting/images/sparseresidential20.png,180,117,189,133,vehicle
/Users/bdhammel/Documents/insight/harvesting/datasets/obj_detection/harvesting/images/sparseresidential20.png,168,117,177,132,vehicle
/Users/bdhammel/Documents/insight/harvesting/datasets/obj_detection/harvesting/images/sparseresidential34.png,229,18,248,29,vehicle
/Users/bdhammel/Documents/insight/harvesting/datasets/obj_detection/harvesting/images/sparseresidential34.png,75,117,157,177,vehicle
/Users/bdhammel/Documents/insight/harvesting/datasets/obj_detection/harvesting/images/sparseresidential34.png,51,136,69,143,vehicle
/Users/bdhammel/Documents/insight/harvesting/datasets/obj_detection/harvesting/images/sparseresidential34.png,50,126,68,133,vehicle
/Users/bdhammel/Documents/insight/harvesting/datasets/obj_detection/harvesting/images/sparseresidential08.png,45,9,73,54,waterbody
/Users/bdhammel/Documents/insight/harvesting/datasets/obj_detection/harvesting/images/sparseresidential08.png,84,109,116,149,building
/Users/bdhammel/Documents/insight/harvesting/datasets/obj_detection/harvesting/images/sparseresidential08.png,141,184,156,193,vehicle
/Users/bdhammel/Documents/insight/harvesting/datasets/obj_detection/harvesting/images/sparseresidential30.png,72,93,163,180,building
/Users/bdhammel/Documents/insight/harvesting/datasets/obj_detection/harvesting/images/sparseresidential30.png,172,140,182,160,vehicle
/Users/bdhammel/Documents/insight/harvesting/datasets/obj_detection/harvesting/images/sparseresidential24.png,105,91,184,153,building
/Users/bdhammel/Documents/insight/harvesting/datasets/obj_detection/harvesting/images/sparseresidential18.png,35,120,101,177,building
/Users/bdhammel/Documents/insight/harvesting/datasets/obj_detection/harvesting/images/sparseresidential18.png,159,120,223,199,building
/Users/bdhammel/Documents/insight/harvesting/datasets/obj_detection/harvesting/images/sparseresidential18.png,33,63,71,100,building
/Users/bdhammel/Documents/insight/harvesting/datasets/obj_detection/harvesting/images/sparseresidential18.png,143,136,148,152,vehicle
/Users/bdhammel/Documents/insight/harvesting/datasets/obj_detection/harvesting/images/sparseresidential18.png,131,136,138,150,vehicle
/Users/bdhammel/Documents/insight/harvesting/datasets/obj_detection/harvesting/images/sparseresidential18.png,68,39,77,54,vehicle
/Users/bdhammel/Documents/insight/harvesting/datasets/obj_detection/harvesting/images/sparseresidential18.png,214,21,236,50,vehicle
/Users/bdhammel/Documents/insight/harvesting/datasets/obj_detection/harvesting/images/sparseresidential19.png,153,146,173,186,waterbody
/Users/bdhammel/Documents/insight/harvesting/datasets/obj_detection/harvesting/images/sparseresidential19.png,56,182,74,199,vehicle
/Users/bdhammel/Documents/insight/harvesting/datasets/obj_detection/harvesting/images/sparseresidential19.png,87,79,174,151,building
/Users/bdhammel/Documents/insight/harvesting/datasets/obj_detection/harvesting/images/sparseresidential19.png,11,108,48,146,building
/Users/bdhammel/Documents/insight/harvesting/datasets/obj_detection/harvesting/images/sparseresidential25.png,130,48,206,117,building
/Users/bdhammel/Documents/insight/harvesting/datasets/obj_detection/harvesting/images/sparseresidential25.png,64,170,130,238,building
/Users/bdhammel/Documents/insight/harvesting/datasets/obj_detection/harvesting/images/sparseresidential25.png,196,53,210,66,vehicle
/Users/bdhammel/Documents/insight/harvesting/datasets/obj_detection/harvesting/images/sparseresidential31.png,103,76,209,167,building
/Users/bdhammel/Documents/insight/harvesting/datasets/obj_detection/harvesting/images/sparseresidential31.png,193,19,212,24,vehicle
/Users/bdhammel/Documents/insight/harvesting/datasets/obj_detection/harvesting/images/sparseresidential31.png,172,11,191,23,vehicle
/Users/bdhammel/Documents/insight/harvesting/datasets/obj_detection/harvesting/images/sparseresidential27.png,28,76,58,86,vehicle
/Users/bdhammel/Documents/insight/harvesting/datasets/obj_detection/harvesting/images/sparseresidential27.png,82,101,129,175,building
/Users/bdhammel/Documents/insight/harvesting/datasets/obj_detection/harvesting/images/sparseresidential33.png,226,119,242,139,building
/Users/bdhammel/Documents/insight/harvesting/datasets/obj_detection/harvesting/images/sparseresidential33.png,112,105,196,166,building
/Users/bdhammel/Documents/insight/harvesting/datasets/obj_detection/harvesting/images/sparseresidential32.png,78,104,145,166,building
/Users/bdhammel/Documents/insight/harvesting/datasets/obj_detection/harvesting/images/sparseresidential26.png,99,82,147,145,building
/Users/bdhammel/Documents/insight/harvesting/datasets/obj_detection/harvesting/images/sparseresidential26.png,144,235,161,243,vehicle
/Users/bdhammel/Documents/insight/harvesting/datasets/obj_detection/harvesting/images/sparseresidential26.png,145,223,162,230,vehicle
/Users/bdhammel/Documents/insight/harvesting/datasets/obj_detection/harvesting/images/sparseresidential03.png,6,66,37,104,building
/Users/bdhammel/Documents/insight/harvesting/datasets/obj_detection/harvesting/images/sparseresidential03.png,70,75,184,159,building
/Users/bdhammel/Documents/insight/harvesting/datasets/obj_detection/harvesting/images/sparseresidential17.png,75,108,132,171,building
/Users/bdhammel/Documents/insight/harvesting/datasets/obj_detection/harvesting/images/sparseresidential16.png,158,98,185,143,waterbody
/Users/bdhammel/Documents/insight/harvesting/datasets/obj_detection/harvesting/images/sparseresidential16.png,6,42,45,83,building
/Users/bdhammel/Documents/insight/harvesting/datasets/obj_detection/harvesting/images/sparseresidential16.png,89,123,149,191,building
/Users/bdhammel/Documents/insight/harvesting/datasets/obj_detection/harvesting/images/sparseresidential02.png,87,203,103,226,vehicle
/Users/bdhammel/Documents/insight/harvesting/datasets/obj_detection/harvesting/images/sparseresidential02.png,103,202,119,230,vehicle
/Users/bdhammel/Documents/insight/harvesting/datasets/obj_detection/harvesting/images/sparseresidential02.png,200,47,230,86,building
/Users/bdhammel/Documents/insight/harvesting/datasets/obj_detection/harvesting/images/sparseresidential02.png,47,67,191,197,building
/Users/bdhammel/Documents/insight/harvesting/datasets/obj_detection/harvesting/images/sparseresidential28.png,150,80,208,155,building
/Users/bdhammel/Documents/insight/harvesting/datasets/obj_detection/harvesting/images/sparseresidential28.png,116,85,140,128,waterbody
/Users/bdhammel/Documents/insight/harvesting/datasets/obj_detection/harvesting/images/sparseresidential28.png,135,174,143,191,vehicle
/Users/bdhammel/Documents/insight/harvesting/datasets/obj_detection/harvesting/images/sparseresidential28.png,141,149,149,164,vehicle
/Users/bdhammel/Documents/insight/harvesting/datasets/obj_detection/harvesting/images/sparseresidential14.png,102,90,143,165,building
/Users/bdhammel/Documents/insight/harvesting/datasets/obj_detection/harvesting/images/sparseresidential14.png,151,97,166,103,vehicle
/Users/bdhammel/Documents/insight/harvesting/datasets/obj_detection/harvesting/images/sparseresidential14.png,153,128,168,134,vehicle
/Users/bdhammel/Documents/insight/harvesting/datasets/obj_detection/harvesting/images/sparseresidential00.png,10,165,23,182,vehicle
/Users/bdhammel/Documents/insight/harvesting/datasets/obj_detection/harvesting/images/sparseresidential00.png,26,108,40,131,vehicle
/Users/bdhammel/Documents/insight/harvesting/datasets/obj_detection/harvesting/images/sparseresidential00.png,47,94,205,207,building
/Users/bdhammel/Documents/insight/harvesting/datasets/obj_detection/harvesting/images/sparseresidential01.png,29,55,168,200,building
/Users/bdhammel/Documents/insight/harvesting/datasets/obj_detection/harvesting/images/sparseresidential15.png,88,140,109,158,building
/Users/bdhammel/Documents/insight/harvesting/datasets/obj_detection/harvesting/images/sparseresidential15.png,106,94,151,153,building
/Users/bdhammel/Documents/insight/harvesting/datasets/obj_detection/harvesting/images/sparseresidential15.png,110,77,127,87,vehicle
/Users/bdhammel/Documents/insight/harvesting/datasets/obj_detection/harvesting/images/sparseresidential15.png,134,173,146,188,vehicle
/Users/bdhammel/Documents/insight/harvesting/datasets/obj_detection/harvesting/images/sparseresidential15.png,119,170,132,190,vehicle
/Users/bdhammel/Documents/insight/harvesting/datasets/obj_detection/harvesting/images/sparseresidential29.png,79,79,177,172,building
/Users/bdhammel/Documents/insight/harvesting/datasets/obj_detection/harvesting/images/sparseresidential11.png,32,60,75,104,building
/Users/bdhammel/Documents/insight/harvesting/datasets/obj_detection/harvesting/images/sparseresidential11.png,97,95,228,189,building
/Users/bdhammel/Documents/insight/harvesting/datasets/obj_detection/harvesting/images/sparseresidential11.png,97,11,144,59,waterbody
/Users/bdhammel/Documents/insight/harvesting/datasets/obj_detection/harvesting/images/sparseresidential11.png,18,155,51,181,waterbody
/Users/bdhammel/Documents/insight/harvesting/datasets/obj_detection/harvesting/images/sparseresidential05.png,5,129,42,185,building
/Users/bdhammel/Documents/insight/harvesting/datasets/obj_detection/harvesting/images/sparseresidential05.png,81,94,206,190,building
/Users/bdhammel/Documents/insight/harvesting/datasets/obj_detection/harvesting/images/sparseresidential39.png,66,94,124,158,building
/Users/bdhammel/Documents/insight/harvesting/datasets/obj_detection/harvesting/images/sparseresidential39.png,72,48,108,75,building
/Users/bdhammel/Documents/insight/harvesting/datasets/obj_detection/harvesting/images/sparseresidential39.png,5,56,23,62,vehicle
/Users/bdhammel/Documents/insight/harvesting/datasets/obj_detection/harvesting/images/sparseresidential38.png,73,107,131,177,building
/Users/bdhammel/Documents/insight/harvesting/datasets/obj_detection/harvesting/images/sparseresidential38.png,60,172,76,187,vehicle
/Users/bdhammel/Documents/insight/harvesting/datasets/obj_detection/harvesting/images/sparseresidential38.png,44,178,56,193,vehicle
/Users/bdhammel/Documents/insight/harvesting/datasets/obj_detection/harvesting/images/sparseresidential04.png,179,78,238,138,building
/Users/bdhammel/Documents/insight/harvesting/datasets/obj_detection/harvesting/images/sparseresidential04.png,38,63,185,161,building
/Users/bdhammel/Documents/insight/harvesting/datasets/obj_detection/harvesting/images/sparseresidential04.png,216,236,230,256,vehicle
/Users/bdhammel/Documents/insight/harvesting/datasets/obj_detection/harvesting/images/sparseresidential04.png,87,188,113,207,vehicle
/Users/bdhammel/Documents/insight/harvesting/datasets/obj_detection/harvesting/images/sparseresidential04.png,139,155,161,170,vehicle
/Users/bdhammel/Documents/insight/harvesting/datasets/obj_detection/harvesting/images/sparseresidential04.png,79,163,103,180,vehicle
/Users/bdhammel/Documents/insight/harvesting/datasets/obj_detection/harvesting/images/sparseresidential04.png,61,179,82,193,vehicle
/Users/bdhammel/Documents/insight/harvesting/datasets/obj_detection/harvesting/images/sparseresidential10.png,73,83,138,149,building
/Users/bdhammel/Documents/insight/harvesting/datasets/obj_detection/harvesting/images/sparseresidential10.png,34,61,82,102,building
/Users/bdhammel/Documents/insight/harvesting/datasets/obj_detection/harvesting/images/sparseresidential06.png,42,82,130,180,building
/Users/bdhammel/Documents/insight/harvesting/datasets/obj_detection/harvesting/images/sparseresidential12.png,103,105,139,177,building
/Users/bdhammel/Documents/insight/harvesting/datasets/obj_detection/harvesting/images/sparseresidential12.png,82,61,89,76,vehicle
/Users/bdhammel/Documents/insight/harvesting/datasets/obj_detection/harvesting/images/sparseresidential12.png,84,141,90,153,vehicle
/Users/bdhammel/Documents/insight/harvesting/datasets/obj_detection/harvesting/images/sparseresidential12.png,75,143,82,155,vehicle
/Users/bdhammel/Documents/insight/harvesting/datasets/obj_detection/harvesting/images/sparseresidential13.png,100,171,119,189,building
/Users/bdhammel/Documents/insight/harvesting/datasets/obj_detection/harvesting/images/sparseresidential13.png,100,109,145,162,building
/Users/bdhammel/Documents/insight/harvesting/datasets/obj_detection/harvesting/images/sparseresidential13.png,115,97,131,104,vehicle
/Users/bdhammel/Documents/insight/harvesting/datasets/obj_detection/harvesting/images/sparseresidential07.png,138,68,172,118,building
/Users/bdhammel/Documents/insight/harvesting/datasets/obj_detection/harvesting/images/sparseresidential07.png,78,97,128,125,building
/Users/bdhammel/Documents/insight/harvesting/datasets/obj_detection/harvesting/images/sparseresidential07.png,77,139,91,154,vehicle
/Users/bdhammel/Documents/insight/harvesting/datasets/obj_detection/harvesting/images/sparseresidential07.png,53,134,71,145,vehicle
/Users/bdhammel/Documents/insight/harvesting/datasets/obj_detection/harvesting/images/sparseresidential07.png,63,122,68,134,vehicle
/Users/bdhammel/Documents/insight/harvesting/datasets/obj_detection/harvesting/images/sparseresidential48.png,69,90,148,166,building
/Users/bdhammel/Documents/insight/harvesting/datasets/obj_detection/harvesting/images/sparseresidential60.png,74,55,155,112,building
/Users/bdhammel/Documents/insight/harvesting/datasets/obj_detection/harvesting/images/sparseresidential74.png,203,163,221,172,vehicle
/Users/bdhammel/Documents/insight/harvesting/datasets/obj_detection/harvesting/images/sparseresidential74.png,205,172,221,182,vehicle
/Users/bdhammel/Documents/insight/harvesting/datasets/obj_detection/harvesting/images/sparseresidential74.png,207,153,225,163,vehicle
/Users/bdhammel/Documents/insight/harvesting/datasets/obj_detection/harvesting/images/sparseresidential74.png,154,131,199,220,building
/Users/bdhammel/Documents/insight/harvesting/datasets/obj_detection/harvesting/images/sparseresidential75.png,150,97,220,179,building
/Users/bdhammel/Documents/insight/harvesting/datasets/obj_detection/harvesting/images/sparseresidential75.png,183,189,194,206,vehicle
/Users/bdhammel/Documents/insight/harvesting/datasets/obj_detection/harvesting/images/sparseresidential61.png,116,67,180,156,building
/Users/bdhammel/Documents/insight/harvesting/datasets/obj_detection/harvesting/images/sparseresidential61.png,141,33,158,48,vehicle
/Users/bdhammel/Documents/insight/harvesting/datasets/obj_detection/harvesting/images/sparseresidential49.png,104,135,168,214,building
/Users/bdhammel/Documents/insight/harvesting/datasets/obj_detection/harvesting/images/sparseresidential77.png,100,86,159,178,building
/Users/bdhammel/Documents/insight/harvesting/datasets/obj_detection/harvesting/images/sparseresidential63.png,46,98,187,197,building
/Users/bdhammel/Documents/insight/harvesting/datasets/obj_detection/harvesting/images/sparseresidential88.png,95,96,184,162,building
/Users/bdhammel/Documents/insight/harvesting/datasets/obj_detection/harvesting/images/sparseresidential88.png,111,162,134,174,vehicle
/Users/bdhammel/Documents/insight/harvesting/datasets/obj_detection/harvesting/images/sparseresidential89.png,86,108,180,157,building
/Users/bdhammel/Documents/insight/harvesting/datasets/obj_detection/harvesting/images/sparseresidential62.png,86,214,118,247,building
/Users/bdhammel/Documents/insight/harvesting/datasets/obj_detection/harvesting/images/sparseresidential62.png,43,82,127,194,building
/Users/bdhammel/Documents/insight/harvesting/datasets/obj_detection/harvesting/images/sparseresidential76.png,85,127,154,204,building
/Users/bdhammel/Documents/insight/harvesting/datasets/obj_detection/harvesting/images/sparseresidential76.png,100,225,122,235,vehicle
/Users/bdhammel/Documents/insight/harvesting/datasets/obj_detection/harvesting/images/sparseresidential72.png,232,69,240,89,vehicle
/Users/bdhammel/Documents/insight/harvesting/datasets/obj_detection/harvesting/images/sparseresidential72.png,191,75,222,151,building
/Users/bdhammel/Documents/insight/harvesting/datasets/obj_detection/harvesting/images/sparseresidential72.png,111,106,150,233,building
/Users/bdhammel/Documents/insight/harvesting/datasets/obj_detection/harvesting/images/sparseresidential72.png,20,161,143,227,building
/Users/bdhammel/Documents/insight/harvesting/datasets/obj_detection/harvesting/images/sparseresidential66.png,88,219,100,225,vehicle
/Users/bdhammel/Documents/insight/harvesting/datasets/obj_detection/harvesting/images/sparseresidential66.png,89,207,100,213,vehicle
/Users/bdhammel/Documents/insight/harvesting/datasets/obj_detection/harvesting/images/sparseresidential66.png,88,195,100,201,vehicle
/Users/bdhammel/Documents/insight/harvesting/datasets/obj_detection/harvesting/images/sparseresidential66.png,127,33,189,72,building
/Users/bdhammel/Documents/insight/harvesting/datasets/obj_detection/harvesting/images/sparseresidential99.png,103,160,115,176,vehicle
/Users/bdhammel/Documents/insight/harvesting/datasets/obj_detection/harvesting/images/sparseresidential99.png,2,164,22,173,vehicle
/Users/bdhammel/Documents/insight/harvesting/datasets/obj_detection/harvesting/images/sparseresidential99.png,79,120,120,161,building
/Users/bdhammel/Documents/insight/harvesting/datasets/obj_detection/harvesting/images/sparseresidential99.png,145,150,184,206,building
/Users/bdhammel/Documents/insight/harvesting/datasets/obj_detection/harvesting/images/sparseresidential98.png,13,102,108,157,building
/Users/bdhammel/Documents/insight/harvesting/datasets/obj_detection/harvesting/images/sparseresidential98.png,48,87,56,109,vehicle
/Users/bdhammel/Documents/insight/harvesting/datasets/obj_detection/harvesting/images/sparseresidential67.png,31,77,185,242,building
/Users/bdhammel/Documents/insight/harvesting/datasets/obj_detection/harvesting/images/sparseresidential67.png,197,193,218,255,waterbody
/Users/bdhammel/Documents/insight/harvesting/datasets/obj_detection/harvesting/images/sparseresidential67.png,141,48,162,109,waterbody
/Users/bdhammel/Documents/insight/harvesting/datasets/obj_detection/harvesting/images/sparseresidential73.png,152,126,163,143,vehicle
/Users/bdhammel/Documents/insight/harvesting/datasets/obj_detection/harvesting/images/sparseresidential73.png,137,120,147,141,vehicle
/Users/bdhammel/Documents/insight/harvesting/datasets/obj_detection/harvesting/images/sparseresidential73.png,109,147,168,209,building
/Users/bdhammel/Documents/insight/harvesting/datasets/obj_detection/harvesting/images/sparseresidential65.png,63,35,127,150,building
/Users/bdhammel/Documents/insight/harvesting/datasets/obj_detection/harvesting/images/sparseresidential65.png,86,97,228,169,building
/Users/bdhammel/Documents/insight/harvesting/datasets/obj_detection/harvesting/images/sparseresidential65.png,131,24,172,45,waterbody
/Users/bdhammel/Documents/insight/harvesting/datasets/obj_detection/harvesting/images/sparseresidential71.png,93,116,224,196,building
/Users/bdhammel/Documents/insight/harvesting/datasets/obj_detection/harvesting/images/sparseresidential59.png,62,106,168,207,building
/Users/bdhammel/Documents/insight/harvesting/datasets/obj_detection/harvesting/images/sparseresidential58.png,60,61,189,124,building
/Users/bdhammel/Documents/insight/harvesting/datasets/obj_detection/harvesting/images/sparseresidential70.png,58,44,220,187,building
/Users/bdhammel/Documents/insight/harvesting/datasets/obj_detection/harvesting/images/sparseresidential64.png,172,48,222,94,building
/Users/bdhammel/Documents/insight/harvesting/datasets/obj_detection/harvesting/images/sparseresidential64.png,57,102,192,189,building
/Users/bdhammel/Documents/insight/harvesting/datasets/obj_detection/harvesting/images/sparseresidential64.png,108,60,170,105,building
/Users/bdhammel/Documents/insight/harvesting/datasets/obj_detection/harvesting/images/sparseresidential64.png,37,91,100,118,waterbody
